,city,job_title,salary812,atlanta,research analyst,208001010,pittsburgh,student researcher for computational biomechanics and machine learning,20800855,dallas,data scientist,239201142,phoenix,entry level construction field technician,239201696,boulder,digital analyst   media trader,26000525,los angeles,intern,27560329,austin,research engineering  scientist assistant   research engineering scientist assistant,27996862,dallas,marketing research analyst   part time,280801680,boulder,biological science technician  plants invasive ,29744341,austin,research engineering  scientist assistant,30000354,austin,research engineering  scientist assistant,30000990,pittsburgh,flow cytometry technologist,30810171,chicago,macro economic research analyst   intern,31200336,austin,sales coordinator,31200393,austin,sales coordinator,312001542,washington dc,intern,31200942,pittsburgh,data management and quantitative analysis,32500586,los angeles,intern,36500416,seattle,intern,369541606,washington dc,intern,37665464,seattle,intern,388501472,miami,research analyst  bioinformatics ,39450357,austin,development researcher   research analyst,39996316,austin,data analyst   public education data analysis,400001127,phoenix,marketing media data analyst predictive modelling,40000952,pittsburgh,statistical data analyst,400141094,portland,fish biologist 1  non permanent  09148 18,40074631,los angeles,intern,40500641,philadelphia,content development intern,41600771,atlanta,data information research analyst,416001296,denver,research analyst ii  health program,41832409,austin,research engineering  scientist associate iii   texnet operations associate,42228119,chicago,research analyst  data analyst,43680565,los angeles,intern,43680429,seattle,intern,44886615,los angeles,intern,450001497,miami,research analyst ii,45000546,los angeles,intern,45000440,seattle,intern,45252458,seattle,intern,452521421,houston,quality assurance analyst  research ,459841511,miami,senior research associate 1,46000113,chicago,contract food scientist  part time ,468001133,phoenix,environmental scientist   contracts manager,475001178,phoenix,environmental scientist 2   contracts manager,475001402,houston,post doctoral fellow,48342522,seattle,intern,486061061,portland,program assistant   nature education,49119.2314,austin,fashion data scientist,50000526,los angeles,intern,50000600,los angeles,intern,50000740,atlanta,research data analyst,500001158,phoenix,environmental scientist ii   risk evaluator,500001196,phoenix,environmental scientist 2  3   risk evaluator,500001117,portland,clinical research coordinator,50145.51530,washington dc,intern,50294.4101,chicago,collegiate hiring initiative,50637.6965,pittsburgh,lead analyst  data management quant analysis,52000331,austin,analyst  research,53149100,chicago,fbi intelligence analyst,53500395,austin,engineering scientist associate,549961441,miami,entry scientist  dermatology   cutaneous surgery,560001471,miami,research scientist,560001489,miami,sr  research analyst,560001128,phoenix,data  research  and statistical specialist vi  job 2260 ,566771284,denver,clinical data analyst  open rank ,575001330,houston,research scientist   symptom research,598501254,denver,data engineer,600001673,boulder,data engineer,600001123,phoenix,data scientist,625001172,phoenix,data scientist,6250059,new york,intern,650001081,portland,market research analyst,6500045,new york,jr data scientist,655701531,washington dc,jr data scientist,66320.81562,washington dc,jr data scientist,66320.81348,houston,research scientist   next generation sequencing,665001482,miami,biological administrator iii   ses,67584599,los angeles,jr data scientist,700001124,phoenix,chemist,700001174,phoenix,chemist,700001269,denver,organic scientist,700001195,phoenix,computer engineer electronics engineer computer scientist,719081508,miami,sr  manager  clinical research   pediatrics,720001592,washington dc,jr data scientist,72341.5380,austin,engineering scientist associate   software engineering associate,729961386,houston,research compliance analyst,745001629,boulder,electro optical scientist applied mathematician,750001432,miami,assistant scientist  otolaryngology,7540084,new york,jr data scientist,761931392,houston,research statistical analyst   biostatistics,76950102,chicago,credit audit data scientist   analyst,77500531,los angeles,jr data scientist,776581526,washington dc,jr data scientist,78102388,austin,engineering scientist   laboratory manager,79992848,dallas,junior data scientist,80000869,dallas,junior data scientist,800001403,houston,senior business intelligence analyst,800001552,washington dc,jr data scientist,80000414,seattle,jr data scientist,80450491,seattle,jr data scientist,804501547,washington dc,jr data scientist,82500613,los angeles,jr data scientist,82973746,atlanta,engineering data scientist for iot ai analytics platform,850001214,phoenix,senior actuarial analyst data scientist #81885,850001581,washington dc,jr data scientist,850001549,washington dc,jr data scientist,870001543,washington dc,jr data scientist,870241325,houston,data scientist,875001382,houston,data scientist,875001461,miami,research analyst   technology sector,87500529,los angeles,jr data scientist,880741059,portland,conservation impact program manager,88213731,philadelphia,research scientist,884001566,washington dc,jr data scientist,88512878,dallas,senior data scientist and analytics developer,900001141,phoenix,data scientist,900001589,washington dc,jr data scientist,90000714,philadelphia,data scientist  python  r ,95000795,atlanta,data analyst,950001534,washington dc,data scientist,970151541,washington dc,data scientist,970151192,phoenix,computer scientist,973721211,phoenix,operations research,97372225,san francisco,data scientist,99000356,austin,research scientist  vision science ,100000365,austin,research scientist  neuroscience ,10000042,new york,data scientist,102500669,philadelphia,data science manager,1040001555,washington dc,data scientist,105000753,atlanta,economist,105376413,seattle,data scientist,106000492,seattle,data scientist,1060001468,miami,research mathematical statistician  zp 1529 3 4  de cr ,107137.5447,seattle,data scientist,107920.81440,miami,scientist,108600418,seattle,data scientist,109200524,los angeles,data scientist,110000552,los angeles,data scientist,110000554,los angeles,data scientist,110000575,los angeles,data scientist,110000834,dallas,data scientist,110000883,dallas,data scientist,1100001546,washington dc,data scientist,1100001069,portland,data scientist,113500228,san francisco,data scientist,114000633,los angeles,data scientist,115000338,austin,senior data scientist,115000218,san francisco,data scientist,1150001270,denver,data scientist,116230.4648,philadelphia,data scientist,119600134,chicago,mathematician   statistician   data scientist,120000195,chicago,data scientist,120000302,san francisco,data scientist,120000656,philadelphia,mathematician   statistician   data scientist,120000860,dallas,data scientist,120000891,dallas,sr  data scientist,120000950,pittsburgh,mathematician   statistician   data scientist,120000223,san francisco,data scientist,120500224,san francisco,data scientist,120500227,san francisco,data scientist,1210001397,houston,institute research scientist   in vitro pharmacology,122500745,atlanta,health scientist  informatics ,124523773,atlanta,mathematical statistician,124523339,austin,manager  data analysis provider analytics,1300001591,washington dc,data scientist,130000837,dallas,data scientist,130000226,san francisco,data scientist,13200050,new york,data scientist,135000264,san francisco,data scientist,135000715,philadelphia,data scientist,13500044,new york,data scientist,13520030,new york,data scientist,1400001595,washington dc,data scientist,140000337,austin,principal data scientist,142500267,san francisco,data scientist,144000232,san francisco,data scientist,145000306,san francisco,data scientist,14500027,new york,data scientist,145600288,san francisco,data scientist,145600642,philadelphia,data analyst   data scientist,145600297,san francisco,data lead,1500001554,washington dc,data lead,1500001572,washington dc,data lead,150324220,san francisco,data lead,151500217,san francisco,data lead,160000242,san francisco,data lead,1600001343,houston,principal institute research scientist   drug discovery  biology   translation,1610001208,phoenix,google cloud solutions architect,1650001423,houston,google cloud solutions architect,165000699,philadelphia,quantitative business analyst,166400235,san francisco,data lead,17680058,new york,data lead,1875001532,washington dc,data lead,2080001578,washington dc,data lead,2250000,new york,data scientist,1,new york,applied machine learning scientist engineer   unified search team,2,new york,data scientist  rd0057 ,3,new york,ai research scientist,4,new york,senior big data engineer,5,new york,data scientist  entry level ,6,new york,hbo data scientist  applied analytics,7,new york,junior data scientist,8,new york,data scientist,9,new york,data integrity analyst,10,new york,us data scientist  royal canin   mars petcare,11,new york,junior data scientist,12,new york,data scientist  intern  2019 ,13,new york,behavioral scientist,14,new york,data scientist,15,new york,data scientist,16,new york,data scientist,17,new york,us data scientist  pet nutrition   mars petcare,18,new york,junior data scientist,19,new york,data   analysis intern,20,new york,junior data analyst,21,new york,associate data scientist,22,new york,2019 phd data scientist internship   ubereverything   new york,23,new york,data scientist,24,new york,hbo data scientist  content science,25,new york,data science intern,26,new york,summer internship – data scientist,28,new york,presidential associate program fall 2019,29,new york,data scientist intern,31,new york,data warehouse intern,32,new york,data scientist,33,new york,data scientist  engineering,34,new york,quantitative data analyst,35,new york,data scientist intern,36,new york,data scientist quantitative analyst intern  summer 2018,37,new york,data scientist  analytics,38,new york,data scientist  analytics,39,new york,game data scientist,40,new york,data scientist,41,new york,data scientist,43,new york,principle data scientist,46,new york,data scientist,47,new york,data scientist,48,new york,data scientist,49,new york,data scientist  engineering support analytics  google cloud,51,new york,accounting data scientist,52,new york,data scientist,53,new york,data engineer  baseball operations,54,new york,data analyst scientist,55,new york,data scientist,56,new york,data scientist,57,new york,data scientist,60,new york,data scientist   nlp,61,new york,jr  data scientist,62,new york,data scientist,63,new york,data scientist: nlp specialist,64,new york,data scientist natural language processing,65,new york,presidential management associate program fall 2019,66,new york,quantitative analysis  full time analyst  north america   2019 ,67,new york,machine learning and artificial intelligence scientist,68,new york,data scientist  product,69,new york,data scientist,70,new york,clinical data scientist,71,new york,data scientist,72,new york,data scientist,73,new york,data scientist,74,new york,data scientist,75,new york,spring 2019 internship  data science practica  ny ,76,new york,venture capital analyst   data scientist,77,new york,data scientist  analytics,78,new york,data scientist  product ,79,new york,data scientist  consumer revenue,80,new york,senior research scientist,81,new york,data scientist,82,new york,engineer  data team,83,new york,senior analyst  data and analysis,85,new york,grc research intern,86,new york,materials sourcing and research specialist,87,new york,data analyst,88,new york,data scientist,89,new york,customer data scientist,90,new york,office assistant,91,new york,data scientist,92,new york,quantitative researcher   internship  bachelor's master's ,93,new york,data scientist,94,new york,data scientist  deep learning ,95,new york,data scientist,96,chicago,senior data scientist,97,chicago,data scientist,98,chicago,data scientist,99,chicago,data scientist,103,chicago,entry   level geologist   environmental scientist,104,chicago,associate data scientist,105,chicago,data scientist,106,chicago,data scientist,107,chicago,data scientist  applied machine learning,108,chicago,bioinformatics internship  academic year 2018 2019 ,109,chicago,data science internship   12 months,110,chicago,research development bakery scientist,111,chicago,data scientist,112,chicago,developer   quantitative analyst  entry level    chicago,114,chicago,data scientist,115,chicago,data scientist i,116,chicago,financial analyst  research affairs,117,chicago,data scientist,118,chicago,data scientist,120,chicago,data scientist,121,chicago,intern: data scientist   imaging science,122,chicago,sport scientist  network professional,123,chicago,data scientist,124,chicago,research development bakery scientist,125,chicago,senior data scientist,126,chicago,quantitative analyst intern,127,chicago,data scientist  optimization,128,chicago,data scientist ii,129,chicago,data scientist,130,chicago,data scientist intern,131,chicago,data scientist,132,chicago,ngs lab staff scientist,133,chicago,data scientist,135,chicago,natural language processing data science intern  fall 2018 ,136,chicago,data scientist,137,chicago,data scientist,138,chicago,data scientist,139,chicago,data scientist,140,chicago,environmental scientist  due diligence,141,chicago,jr  data scientiest,142,chicago,entry level construction professional,143,chicago,innovation technologist,144,chicago,junior scientist engineer,145,chicago,sales research analyst,146,chicago,data scientist,147,chicago,office assistant,148,chicago,machine learning data scientist,149,chicago,junior variant scientist,150,chicago,data scientist,151,chicago,data scientist,152,chicago,staff scientist,153,chicago,data scientist,154,chicago,research development technician,155,chicago,data scientist  magellan presales,156,chicago,field applications scientist,157,chicago,data science internship  academic year 2018 2019 ,158,chicago,data scientist  chicago ,159,chicago,data scientist,160,chicago,data scientist,161,chicago,data scientist,162,chicago,data scientist,163,chicago,human factors scientist,164,chicago,data scientist,165,chicago,staff scientist,166,chicago,associate data scientist,167,chicago,data scientist,168,chicago,data scientist,169,chicago,lab operations associate,170,chicago,food safety scientist   chicago  il,172,chicago,research analyst,173,chicago,fall data science intern  python programming ,174,chicago,applied data science internship   2019,175,chicago,pricing   promotions data scientist,176,chicago,data scientist,177,chicago,accounting clerk northbrook  il,178,chicago,senior data scientist  anomaly detection ,179,chicago,sr data scientist,180,chicago,construction intern,181,chicago,associate scientist,182,chicago,natural language processing data scientist,183,chicago,research development senior scientist  nutrition science research,184,chicago,investment research coordinator analyst,185,chicago,data science intern  summer 2019 ,186,chicago,analyst   finalta  new ventures,187,chicago,district data scientist,188,chicago,data science intern  schaumburg  summer 2019,189,chicago,associate  data scientist,190,chicago,data scientist   quantitative researcher  systematic trading,191,chicago,research data analyst,192,chicago,data scientist   quantitative researcher  systematic trading,193,chicago,machine learning expert  intelligent algorithms   big data   tensorflow ,194,chicago,data scientist,196,chicago,us2020 project exploration,197,chicago,data scientist   applied technology,198,chicago,project assistant,199,chicago,data scientist onshore,200,chicago,patient services representative,201,chicago,quantitative analyst,202,chicago,data scientist,203,san francisco,bioinformatics scientist – assay design,204,san francisco,senior data scientist,205,san francisco,senior data scientist,206,san francisco,image reconstruction,207,san francisco,junior data analyst,208,san francisco,data journalist,209,san francisco,data scientist  machine learning intern,210,san francisco,data scientist  creators,211,san francisco,newsroom data scientist,212,san francisco,data scientist   fall intern,213,san francisco,data scientist,214,san francisco,data scientist,215,san francisco,research financial analyst,216,san francisco,new graduate data scientist,219,san francisco,optical research development technician,221,san francisco,quantitative data analyst  sf ,222,san francisco,tom graff fellow  diversity water markets,229,san francisco,new graduate data scientist,230,san francisco,senior data scientist,231,san francisco,customer facing data scientist,233,san francisco,data scientist,234,san francisco,data scientist,236,san francisco,data scientist,237,san francisco,data scientist  real time bidding ,238,san francisco,research data analyst i,239,san francisco,data scientist  engineering,240,san francisco,data scientist,241,san francisco,senior data scientist,243,san francisco,bioinformatics scientist – assay design,244,san francisco,data curator,245,san francisco,data scientist   ca,246,san francisco,data scientist,247,san francisco,data scientist  forecasting,248,san francisco,security data scientist,249,san francisco,product manager   data,250,san francisco,data scientist,251,san francisco,data scientist   styling algorithms,252,san francisco,publications assistant   plos one,253,san francisco,data scientist,254,san francisco,security data scientist,255,san francisco,data scientist,256,san francisco,data scientist,257,san francisco,data scientist,258,san francisco,data scientist  gec11901 ,259,san francisco,data scientist,260,san francisco,data science and analytics   summer 2019 internship,261,san francisco,data analyst,262,san francisco,market research analyst,263,san francisco,data scientist,265,san francisco,product data scientist,266,san francisco,data scientist   ca,268,san francisco,product data scientist,269,san francisco,data scientist,270,san francisco,data curator,271,san francisco,marketing data analyst,272,san francisco,data scientist,273,san francisco,data scientist,274,san francisco,data scientist ii,275,san francisco,data scientist  optimization,276,san francisco,data scientist,277,san francisco,data scientist,278,san francisco,recruiter,279,san francisco,data scientist,280,san francisco,data scientist   machine learning,281,san francisco,data scientist,282,san francisco,data scientist,283,san francisco,data scientist  product,284,san francisco,data scientist,285,san francisco,researcher,286,san francisco,data scientist,287,san francisco,ads data scientist,289,san francisco,data scientist   search   relevance,290,san francisco,senior data   applied scientist,291,san francisco,data scientist  analytics ,292,san francisco,scientist i,293,san francisco,data scientist,294,san francisco,data scientist  big data analytics ,295,san francisco,data scientist   metabolomics,296,san francisco,product manager   data,298,san francisco,data scientist  ai ml,299,san francisco,data scientist,300,san francisco,data scientist  engineering,301,san francisco,staff scientist,303,san francisco,customer support representative,304,san francisco,phc data scientist,305,san francisco,data scientist  analytics,307,san francisco,crispr scientist,308,san francisco,data science summer 2019 intern,309,austin,psychometric reserach scientist,310,austin,software engineer   ml implementation,311,austin,sr  manager  data science,312,austin,clinical data reporter,313,austin,data analyst,315,austin,environmental scientist,317,austin,entry level geologist or environmental engineer scientist,318,austin,data scientist,319,austin,laboratory data scientist,320,austin,data scientist,321,austin,data scientist,322,austin,lead data scientist and cognitive software engineer,323,austin,cognitive research scientist  sme   cognitive computing,324,austin,tti assistant research scientist,325,austin,dps   les   forensic scientist i iii  trace evidence ,326,austin,tti associate research scientist,327,austin,electronic medical records analyst,328,austin,data scientist,330,austin,data scientist,332,austin,data scientist,333,austin,cognitive research scientist  sme   cognitive computing,334,austin,software engineer   ml implementation,335,austin,cognitive data scientist,340,austin,production scientist ii,342,austin,scientist  bioinformatics,343,austin,associate scientist protein biochemistry,344,austin,software engineer   new college graduate,345,austin,sr  manager  data science,346,austin,lead data scientist and cognitive software engineer,347,austin,psychometric reserach scientist,348,austin,director  data science,349,austin,multi int data scientist,350,austin,data scientist 4  poker,351,austin,biologist,352,austin,senior data scientist,353,austin,research scientist,355,austin,prior authorization coordinator iii,358,austin,data engineer,359,austin,intern,360,austin,logistics research analyst,361,austin,billing call center representative,362,austin,water resources planner   scientist   water business,363,austin,food scientist  amplify snack brands ,364,austin,research analyst,366,austin,senior data domain scientist,367,austin,product scientist,368,austin,data scientist ll,369,austin,data engineer,370,austin,senior research analyst,371,austin,environmental specialist,372,austin,data scientist bl lab,373,austin,data scientist ii: yield optimization,374,austin,data scientist  transit,375,austin,quantitative marketing analyst,376,austin,data scientist   marketing,377,austin,scientist ii,378,austin,sr  data scientist,379,austin,data engineer,381,austin,senior data scientist,382,austin,data analyst  aka lead quant ,383,austin,data scientist   ts sci required,384,austin,inside sales representative   austin  tx,385,austin,molecular biologist,386,austin,organizational analyst  consultant,387,austin,technical communications co op,389,austin,customer care tier 3 specialist,390,austin,lead data scientist,391,austin,sr operations manager  austin    scooters,392,austin,ppc specialist,394,austin,big data pipeline software engineer   java scala,396,austin,data product manager,397,austin,bioinformatics data programmer,398,austin,data architect,399,austin,quantitative risk analyst   financial risk,400,austin,clinical research scientist,401,austin,research analyst ii,402,austin,test technician 1,403,austin,prior authorization coordinator  temporary ,404,austin,ai consultant   healthcare,405,austin,sr  data engineer 1241362,406,austin,human factors engineer,407,austin,machine learning engineer  research  52162 ,408,austin,sr  content strategist,410,austin,sr data scientist   vision,411,austin,sales development representative,412,austin,data engineer,415,seattle,principal lab data programmer,417,seattle,senior data journalist,419,seattle,data scientist,420,seattle,entry level methods process analyst,421,seattle,erp contract data entry operator  temporary hourly ,422,seattle,data scientist  analytics  university grad,423,seattle,data scientist,424,seattle,data scientist 2,425,seattle,intern   data scientist  bellevue  wa ,426,seattle,principal data scientist,427,seattle,machine learning engineer,428,seattle,data analyst   jr  data scientist,430,seattle,data scientist,431,seattle,office administrator,432,seattle,data scientist   richmond virginia,433,seattle,customer facing data scientist,434,seattle,intern data scientist,435,seattle,data scientist quantitative analyst intern  summer 2018,436,seattle,data coord ii,437,seattle,data scientist,438,seattle,product manager   data services,439,seattle,data scientist  mobile games ,441,seattle,director of data acquisition,442,seattle,data science intern,443,seattle,junior data scientist,444,seattle,data scientist,445,seattle,data scientist,446,seattle,talent programs and events specialist,448,seattle,data scientist  zillow offers,449,seattle,data curator,450,seattle,data scientist,451,seattle,data scientist  engineering,452,seattle,data scientist,453,seattle,applied scientist  economic data   intern,454,seattle,associate data scientist,455,seattle,scientist   econometrician,456,seattle,data   applied scientist,457,seattle,cosmetics scientist,459,seattle,data scientist,460,seattle,transportation analyst   entry level,461,seattle,d3   junior data scientist,462,seattle,data engineer data scientist,463,seattle,data scientist   researcher,465,seattle,research analyst,466,seattle,nc programming internships  paid    fall 2018,467,seattle,contract   data scientist  ntd ,468,seattle,data scientist,469,seattle,associate data scientist,470,seattle,data scientist   verticals,471,seattle,research scientist assistant,472,seattle,data science   analytics intern  paid    summer 2019,473,seattle,research analyst,474,seattle,data scientist,475,seattle,data analyst,476,seattle,data scientist,477,seattle,data scientist,478,seattle,machine learning engineer,479,seattle,principal data scientist,480,seattle,lab data coordinator,481,seattle,data scientist   mortgages,482,seattle,data scientist  analytics   ads foundations,483,seattle,lab data specialist,484,seattle,intern: yield analytics   grower data modeling,485,seattle,data scientist ml engineer,486,seattle,industrial hygiene scientist intern,487,seattle,research scientist i,488,seattle,data scientist  analytics   nlp search,489,seattle,entry level therapist,490,seattle,principal lab data programmer,493,seattle,data scientist,494,seattle,data scientist  commercial analytics ,495,seattle,research data analyst,496,seattle,market research analyst   analyst development program,497,seattle,provisioning specialist,498,seattle,data scientist  decision science,499,seattle,data scientist  analytics  integrity ,500,seattle,certifying scientist,501,seattle,data scientist,502,seattle,lab i assoc,503,seattle,industrial athlete program manager  senior level ,504,seattle,data scientist,505,seattle,data scientist,506,seattle,data scientist and engineer   early career,507,seattle,applied scientist  personalization   intern,508,seattle,information technology intern  paid    summer 2019  multiple locations ,509,seattle,entry level industrial engineer,510,seattle,research intern   program synthesis,511,seattle,data scientist  neural networks ,512,seattle,data scientist   supply chain,513,seattle,data scientist,514,seattle,economic data analyst,515,seattle,ux data scientist,516,seattle,data scientist  statistics focus,517,seattle,data analyst,518,seattle,data scientist  marketing science research development,519,seattle,scientist i   epigenetics,520,seattle,data analyst  machine learning,521,seattle,data scientist,523,los angeles,associate data scientist,527,los angeles,scientist  product development,528,los angeles,data scientist,530,los angeles,data scientist,532,los angeles,data scientist,533,los angeles,environoment  health and safety staff analyst  entry level ,534,los angeles,data scientist,535,los angeles,researcher,536,los angeles,procurement agent   entry level,537,los angeles,post associate,538,los angeles,technical application specialist ii,539,los angeles,sr operations manager  santa monica  la    scooters,540,los angeles,data scientist,541,los angeles,data scientist,542,los angeles,data analyst   scientist,543,los angeles,junior data scientist,544,los angeles,data scientist,545,los angeles,data scientist   oil and gas,547,los angeles,digital strategy data scientist,548,los angeles,data scientist   games,549,los angeles,associate data scientist,550,los angeles,design engineer iii 61009i,551,los angeles,associate data scientist,553,los angeles,scientist  product development,555,los angeles,genetic scientist  research development,556,los angeles,data scientist,557,los angeles,data scientist,558,los angeles,data scientist,559,los angeles,data scientist,560,los angeles,sportsbook data scientist,561,los angeles,data analyst – e commerce   retail sales – business analysis,562,los angeles,data scientist,563,los angeles,data scientist,564,los angeles,data scientist,566,los angeles,genetic scientist  research development,567,los angeles,data scientist,568,los angeles,ad sales research analyst,569,los angeles,data scientist intern,570,los angeles,lab i assoc,571,los angeles,accelerator consultant   front end expertise,572,los angeles,content creator,573,los angeles,entry   level geologist   environmental scientist,574,los angeles,client services coordinator,576,los angeles,data scientist,577,los angeles,data scientist   entity resolution,578,los angeles,spanish proficient research analyst,579,los angeles,research analyst intern   fall 2018,580,los angeles,data scientist   generalist,581,los angeles,foundational science educator  kp school of medicine  pasadena  ca,582,los angeles,data scientist,583,los angeles,data scientist  strategy,584,los angeles,data analyst   tableau,585,los angeles,data scientist   analytics and research,587,los angeles,data scientist,588,los angeles,scientist i  manufacturing sciences,589,los angeles,research analyst,590,los angeles,procurement coordinator b  el segundo ,591,los angeles,data scientist  machine learning,592,los angeles,engineering leadership   data engineering,593,los angeles,market research analyst   analyst development program,594,los angeles,data scientist,595,los angeles,environmental scientist,596,los angeles,vp  data science,597,los angeles,specimen processor,598,los angeles,data scientist,601,los angeles,entertainment research analyst,602,los angeles,scientist,603,los angeles,join the chef'd team ,604,los angeles,scientist i  manufacturing sciences  antigen qc group ,605,los angeles,sr  data scientist,606,los angeles,sr  data scientist,607,los angeles,mechanical technician,608,los angeles,data scientist,609,los angeles,media planner,610,los angeles,jr  data developer data analyst – hollywood,611,los angeles,quantitative analyst,612,los angeles,staff scientist  biocompatibility,614,los angeles,junior it data scientist,616,los angeles,data scientist,617,los angeles,psychological and behavioral scientist,618,los angeles,accounts payable specialist,619,los angeles,business intelligence analyst,620,los angeles,product manager  data,621,los angeles,data scientist   smart cities,622,los angeles,head of solutions,623,los angeles,data scientist,624,los angeles,scientist i  manufacturing sciences  antigen purification group ,625,los angeles,analyst  north america,626,los angeles,data scientist   statistics,627,los angeles,data scientist   machine learning,628,los angeles,research analyst,629,los angeles,turkish proficient research analyst,630,los angeles,project scientist,632,los angeles,human factors scientist,634,los angeles,research data analyst,635,los angeles,research analyst,636,philadelphia,data analyst  machine learning in medical imaging ,637,philadelphia,principal data scientist,638,philadelphia,postdoc position  machine learning in medical imaging ,639,philadelphia,safety data associate,640,philadelphia,data scientist   risk analyst,643,philadelphia,data scientist,644,philadelphia,data scientist,645,philadelphia,data scientist,646,philadelphia,lead data scientist,647,philadelphia,forensic scientist,649,philadelphia,data engineer   conshohocken  pa,650,philadelphia,data scientist,651,philadelphia,data scientist   conshohocken  pa,652,philadelphia,data scientist,653,philadelphia,scientist  data science  1 of 2 ,654,philadelphia,associate research analyst,655,philadelphia,vp  data scientist,657,philadelphia,product review engineer  entry level,658,philadelphia,data scientist,659,philadelphia,data scientist,660,philadelphia,data scientist,661,philadelphia,research assistant i,662,philadelphia,market data scientist,663,philadelphia,data scientist manager,664,philadelphia,product development scientist,665,philadelphia,data engineer,666,philadelphia,environmental scientist i,667,philadelphia,postdoc associate   fccc,668,philadelphia,data scientist,670,philadelphia,data manager ctom,671,philadelphia,scientist,672,philadelphia,associate scientist   manufacturing sciences and technologies,673,philadelphia,data analyst  machine learning in medical imaging ,674,philadelphia,buy side research analyst,675,philadelphia,buy side research analyst intern,676,philadelphia,data scientist   is t,677,philadelphia,data scientist   risk manager   bfs,678,philadelphia,imaging research scientist,679,philadelphia,research   insights analyst,680,philadelphia,associate  data scientist,681,philadelphia,qualitative research analyst,682,philadelphia,data engineer,683,philadelphia,blockchain research analyst financial analyst,684,philadelphia,microbiology scientist,685,philadelphia,clinical trial assistant,686,philadelphia,associate scientist 1,687,philadelphia,facilities leader,688,philadelphia,safety scientist,689,philadelphia,administrative assistant,690,philadelphia,associate,691,philadelphia,membership services liaison,692,philadelphia,scientist certifying positive,693,philadelphia,environmental scientist,694,philadelphia,polymer scientist  engineer technologist ,695,philadelphia,scientist   water intelligence,696,philadelphia,senior data scientist,697,philadelphia,scientist  dna sequencing,698,philadelphia,human factors scientist,700,philadelphia,scientist i,701,philadelphia,business systems analyst,702,philadelphia,drug safety data manager   argus,703,philadelphia,data review scientist,704,philadelphia,metabolomics and lipidomics research scientist,705,philadelphia,research scientist   deep learning,706,philadelphia,research scientist,707,philadelphia,equipment   tool engineer entry level,708,philadelphia,2019 analyst development program   quantitative research analyst,709,philadelphia,eim data specialist,710,philadelphia,clinical data scientist,711,philadelphia,scientist  cryo electron microscopy,712,philadelphia,data review group leader,713,philadelphia,advertising and brand research analyst,716,philadelphia,lab support scientist,717,philadelphia,scientist 4  enterprise data   analytics,718,philadelphia,data and research analyst,719,philadelphia,bioinformatics scientist ii,720,philadelphia,quality control scientist i,721,philadelphia,drug safety specialist  plymouth meeting ,722,philadelphia,polymer scientist,723,philadelphia,research development scientist,724,philadelphia,data scientist,725,philadelphia,limited certifying scientist,726,philadelphia,hplc scientist,727,philadelphia,environmental engineer scientist,728,philadelphia,research analyst,729,philadelphia,protein characterization scientist,730,philadelphia,associate scientist  tem,732,philadelphia,deviations capa management author,733,philadelphia,senior data scientist  data sciences and advanced analytics  research development technology,734,philadelphia,commercialization support scientist,735,philadelphia,data scientist   machine learning expert,736,philadelphia,in vivo scientist,737,atlanta,new graduate data scientist,738,atlanta,director hr data and insights   atlanta  ga,739,atlanta,senior electronics technician,741,atlanta,data scientist opportunity in atlanta,742,atlanta,data scientist,743,atlanta,data scientist,744,atlanta,entry to junior level environmental scientist,747,atlanta,data scientist,748,atlanta,technology spring 2019 intern   tdc consumer analytics data scientist,749,atlanta,complaint investigator,750,atlanta,machine learning architect,751,atlanta,data scientist   developer – innovation,752,atlanta,forensic scientist  night shift: wed sun  10p 630a   tucker  ga req13962,754,atlanta,data scientist   engineer,755,atlanta,scientist  asst  ar  som,756,atlanta,data scientist,757,atlanta,scientist certifying negative,758,atlanta,immunoassay scientist,759,atlanta,operations research analyst rxb 18218 638,760,atlanta,analytical scientist,761,atlanta,machine learning engineer  manager,762,atlanta,data scientist,763,atlanta,spring 2019 data science internship,764,atlanta,staff scientist,765,atlanta,scientist certifying positive,766,atlanta,data scientist,767,atlanta,data scientist,768,atlanta,immunoassay scientist,769,atlanta,immunoassay scientist,770,atlanta,data scientist,772,atlanta,data scientist,774,atlanta,associate research scientist   6 month intern position,775,atlanta,assoicate  planning,776,atlanta,data   analytics rotational development program,777,atlanta,data scientist with neo4j and computer visualization skills   miami  florida,778,atlanta,data scientist,779,atlanta,consumer banking data scientist,780,atlanta,data scientist   consultant level   atlanta location ,781,atlanta,associate  data scientist,782,atlanta,pre sales data scientist,783,atlanta,research analyst,784,atlanta,vp  data scientist  new york  austin  tx  atlanta  ga  charlotte  nc,785,atlanta,data scientist,786,atlanta,data scientist  consultant level   atlanta ,787,atlanta,data scientist,788,atlanta,data scientist,789,atlanta,advanced data scientist,790,atlanta,material scientist,791,atlanta,analyst   equity research   energy,792,atlanta,data scientist  python  hadoop ,793,atlanta,data scientist pricing,794,atlanta,summer 2019 data science internship,796,atlanta,data engineer intern  summer 2019 ,797,atlanta,data scientist   intermediate,798,atlanta,technology spring 2019 intern   machine learning developer,799,atlanta,data scientist   space optimization,800,atlanta,omni channel data scientist,801,atlanta,data scientist  online,802,atlanta,entry level geologist  engineer or environmental scientist,803,atlanta,sr  data scientist,804,atlanta,data scientist   consultant level   orlando florida   we will help relocate,805,atlanta,insights analyst,806,atlanta,environmental scientist,807,atlanta,communications specialist,808,atlanta,vp  modeling and deployed analytics data scientist,809,atlanta,machine learning scientist,810,atlanta,scientist  asst bioinformatics,811,atlanta,new graduate data scientist,813,atlanta,scientist ii  geologist,814,atlanta,advertiser research analyst,815,atlanta,data scientist,816,atlanta,assistant scientist  ar  som,817,atlanta,scientist 1  immunoassay,818,atlanta,staff research scientist vii: informational interpretation researcher,819,atlanta,research scientist,820,atlanta,scientist  asst  ar  school of medicine  som ,821,atlanta,research analyst   cartoon network,822,atlanta,complaint investigator,823,atlanta,machine learning architect,824,atlanta,machine learning engineer  manager,825,atlanta,data scientist   developer – innovation,826,atlanta,account executive   atlanta,827,atlanta,18 00853 | scientist   researcher,828,atlanta,sales development representative,829,atlanta,sr data scientist engineer,830,atlanta,data scientist,831,atlanta,forensic research scientist analyst,832,atlanta,analyst  research,833,atlanta,synthetic polymer chemist,835,dallas,systems engineer data scientist,836,dallas,data engineer  hbase   spark ,838,dallas,data scientist,839,dallas,data scientist i   clinical sciences,840,dallas,data scientist,841,dallas,customer facing data scientist,842,dallas,data scientist,843,dallas,data scientist,844,dallas,sensory and consumer product insights scientist,845,dallas,data scientist,846,dallas,product insights scientist,847,dallas,data scientist   sr  programmer analyst,849,dallas,enterprise data scientist,850,dallas,data scientist i,851,dallas,network data translator,852,dallas,data scientist  magellan presales,853,dallas,data scientist,854,dallas,merchant services  data scientist  vp,856,dallas,data scientist,857,dallas,data scientist,858,dallas,data scientist,859,dallas,data scientist,861,dallas,data scientist,863,dallas,principal data scientist,864,dallas,data science   analytics,865,dallas,sr  data scientist,866,dallas,marketing data scientist,867,dallas,scientist,868,dallas,senior data scientist,870,dallas,data engineer  hbase   spark ,871,dallas,research scientist,872,dallas,data scientist 2,873,dallas,research analyst   part time,874,dallas,ava data scientist,875,dallas,managing consultant   data,876,dallas,contributor data scientist,877,dallas,scientist,879,dallas,data science intern   summer 2019,880,dallas,data science consultant,881,dallas,data scientist   sr  programmer analyst,882,dallas,systems engineer data scientist,884,dallas,staff scientist,885,dallas,environmental scientist,886,dallas,data scientist,887,dallas,data scientist,888,dallas,accelerator consultant   front end expertise,889,dallas,kxas  kxtx sales research analyst,890,dallas,data scientist,892,dallas,environmental scientist,893,dallas,statistical analyst  jr,894,dallas,data scientist,895,dallas,senior data scientist,896,dallas,part time flood map research analyst,897,dallas,statistical programmer   junior,898,dallas,accounts payable clerk,899,dallas,quantitative data analyst ii,900,dallas,research analyst,901,dallas,accelerator consultant   fixed operations,902,dallas,sr scientist technical support,903,dallas,principal data scientist,904,dallas,data scientist,905,dallas,sales operations analyst   dallas,906,dallas,principal data scientist,907,dallas,data scientist   senior  ds l3 ,908,dallas,research development analytical scientist,909,dallas,real estate research analyst   dallas  tx,910,dallas,statistician scientist   healthcare fraud,911,dallas,direct response research analyst,912,dallas,research enrollment analyst i orthopedics,913,dallas,merchant services   data visualization   business intelligence analyst  vp,914,dallas,sr  scientist product development,915,dallas,o365 sharepoint it pro,916,dallas,data scientist,917,dallas,quantitative analyst,918,dallas,global operations advanced analytics lead,919,dallas,data scientist,920,dallas,environmental intern,921,dallas,research analyst intern  part time ,922,dallas,data scientist,923,dallas,senior scientist,924,dallas,staff environmental scientist,925,dallas,senior consultant   data strategy,926,dallas,analyst,927,dallas,principal data scientist   hadoop,928,dallas,senior data scientist,929,dallas,principal clinical scientist,930,dallas,quantitative risk analyst   financial risk,931,dallas,account executive   dallas,932,dallas,employee services coordinator,933,dallas,associate principal scientist   consumer product insight,934,dallas,lab supervisor,935,pittsburgh,data scientist,936,pittsburgh,data scientist,937,pittsburgh,scientist ii bulk xrd,938,pittsburgh,senior scientist,939,pittsburgh,environmental specialist i,940,pittsburgh,associate data scientist,941,pittsburgh,data scientist,943,pittsburgh,data scientist    geospacial ,944,pittsburgh,data analyst,945,pittsburgh,data scientist,946,pittsburgh,data scientist    research development ,947,pittsburgh,data scientist,948,pittsburgh,saas marketing manager  data scientist,949,pittsburgh,geologist   environmental scientist,951,pittsburgh,recruiting coordinator,953,pittsburgh,data scientist level 1,954,pittsburgh,data scientist,955,pittsburgh,technical talent sourcer   contractor,956,pittsburgh,pharmacy analytics translator  data scientist ,957,pittsburgh,data scientist,958,pittsburgh,scientist ii bulk xrd,959,pittsburgh,project enviromental scientist,960,pittsburgh,inter rep  data mgt quant analysis,961,pittsburgh,data scientist,962,pittsburgh,data scientist,963,pittsburgh,content developer   educational activities and social media,964,pittsburgh,technical talent sourcer   contractor,966,pittsburgh,prin data mgmt  quan analysis,967,pittsburgh,pharmacy analytics translator  data scientist ,968,pittsburgh,scientist,969,pittsburgh,environmental specialist i,970,pittsburgh,senior scientist,971,pittsburgh,data scientist,972,pittsburgh,environmental scientist,973,pittsburgh,wildwife and wetland scientist entry to mid level pittsburgh  pahs,974,pittsburgh,project scientist,975,pittsburgh,manufacturing technician,976,pittsburgh,research development scientist 3,977,pittsburgh,applied researcher  machine learning and data mining,978,pittsburgh,research scientist and scientific residency program,979,pittsburgh,technical sourcer,980,pittsburgh,market research analyst,981,pittsburgh,research scientist   disinfectant  sanitization  cleaning chemicals,982,pittsburgh,environmental engineer   scientist,983,pittsburgh,market research analyst   technical,984,pittsburgh,research scientist   synthesis  disinfectants  sanitization    cleaning chemicals,985,pittsburgh,software engineer  machine learning,986,pittsburgh,research scientist  machine learning and intelligence,987,pittsburgh,senior data scientist    research development ,988,pittsburgh,machine learning research scientist,989,pittsburgh,mechanical designer,991,pittsburgh,big data engineer,992,pittsburgh,systems scientist  computational biology,993,pittsburgh,operations research scientist,994,pittsburgh,engineering intern pittsburgh  pa cr,995,pittsburgh,assistant professor machine learning,996,pittsburgh,subrogation research analyst,997,pittsburgh,data science engineer,998,pittsburgh,research designer and analyst   institutional research,999,pittsburgh,associate scientist laboratory technician,1000,pittsburgh,statistical quality control specialist,1001,pittsburgh,iot data integration specialist,1002,pittsburgh,assistant lecturer  machine learning department,1003,pittsburgh,learning scientist   spanish expert  phd,1004,pittsburgh,scientist  research development   product development,1005,pittsburgh,laboratory technician – powder metals,1006,pittsburgh,territory sales manager   pittsburgh,1007,pittsburgh,machine learning specialist,1008,pittsburgh,principal machine learning scientist,1009,pittsburgh,laboratory technician,1011,pittsburgh,research scientist  ml systems  phd university grad ,1012,pittsburgh,software engineer   data team,1013,pittsburgh,histotechnologist histotechnician,1014,pittsburgh,mgr  data analysis   testing,1015,pittsburgh,lead analyst  data management   quantitative analysis,1016,pittsburgh,post doctoral researcher,1017,pittsburgh,digital marketing consultant iii   pittsburgh  pa   wv   automotive digital marketing expertis,1018,pittsburgh,chief scientist   2009507,1019,pittsburgh,data analytics and software engineer – manufacturing intelligence,1020,pittsburgh,det engineering manager,1021,pittsburgh,research review analyst  rra    full board,1022,pittsburgh,executive director  center for causal discovery,1023,pittsburgh,histotechnician histotechnologist,1024,pittsburgh,research development engineer 3,1025,pittsburgh,machine learning research scientist   2007235,1026,pittsburgh,postdoctoral research scientist  reconstruction rendering  phd university grad ,1027,pittsburgh,head of machine learning,1028,pittsburgh,senior quantitative analyst,1029,pittsburgh,senior marketing research analyst,1030,pittsburgh,analytics engineer,1031,pittsburgh,data scientist lead,1032,portland,scientist  immunohistochemistry and histopathology tissue diagnostics,1033,portland,icp ms lc ms specialist scientist,1034,portland,research manager  patient centered,1035,portland,data analyst scientist,1036,portland,junior environmental scientist,1037,portland,portland   data analysis intern: fleet safety   road safety research,1038,portland,us data scientist  veterinary health group   mars petcare,1039,portland,data scientist,1040,portland,research scientist   c c   | algorithm | optimization | data analysis  ,1041,portland,data scientist,1042,portland,data scientist   forecasting,1043,portland,data scientist,1044,portland,engagement scientist  content analytics,1045,portland,product engineer   machine learning,1046,portland,account strategist: testing  optimization   analytics,1047,portland,process engineer,1048,portland,machine learning engineer,1049,portland,data analyst ii,1050,portland,warranty administrator,1051,portland,bridge engineering associate portland  or,1052,portland,data scientist,1053,portland,senior global equity research analyst,1054,portland,data scientist,1055,portland,corporate research analyst,1056,portland,data scientist  relocation to saudi arabia ,1057,portland,data scientist   personalization,1058,portland,marketing data scientist,1060,portland,data scientist   csi it 069,1062,portland,software engineer   data scientist,1063,portland,junior scientist  industrial hygienist ,1064,portland,data scientist,1065,portland,data scientist   deep learning,1066,portland,algorithms research scientist   fast,1067,portland,data analyst,1068,portland,research scientist,1070,portland,bioinformatics scientist,1071,portland,innovation force insights internship,1072,portland,research scientist,1073,portland,new business development research scientist,1074,portland,research scientist machine learning,1075,portland,expert information security data scientist,1076,portland,associate scientist i,1077,portland,traditional markets junior research analyst   portland  or  or  chicago  il,1078,portland,associate research scientist,1079,portland,staff scientist   industrial hygienist,1080,portland,numerical control programmer   machined parts,1082,portland,97109  029  aviation maint tech   insp fld,1083,portland,senior data scientist,1084,portland,senior scientist,1085,portland,product manager  master data management,1086,portland,vice president of data science and advanced analytics,1087,portland,soc design verification engineers,1088,portland,lead data scientist,1089,portland,environmental ecologist,1090,portland,data scientist,1091,portland,commercialization and communications specialist,1092,portland,program manager  master data management,1093,portland,data scientist,1095,portland,data analyst   csi it 058,1096,portland,principal data scientist – demand sensing  enterprise data   analytics,1097,portland,research remediation analyst 1   ccs executive office,1098,portland,analytic consultant 5   data scientist  marketing campaign analytics   digital ,1099,portland,data scientist,1100,portland,cpu design verification engineer,1101,portland,data science strategist  product management and advanced analytics – psjh,1102,portland,data science manager  e4 ,1103,portland,senior data engineer,1104,portland,assistant scada designer,1105,portland,hydraulic modeler 2,1106,portland,product director   revenue   portland  or,1107,portland,machine learning security researcher,1108,portland,optical scientist   optical engineer,1109,portland,senior data analyst – marketplace analytics – multiple openings,1110,portland,accountable health consulting research associate or analyst,1111,portland,computer vision research scientist,1112,portland,predictive analytics and modeling analyst,1113,portland,patient centered research manager,1114,portland,analyst  veterinary applied research,1115,portland,analytics manager,1116,portland,research analyst i candidate pool,1118,portland,consulting research associate or consulting research analyst,1119,portland,designated support specialist  inventor  autocad,1120,portland,advanced technology   principal investigator in semiconductor lasers,1121,portland,sr  data science engineer,1122,portland,market research analyst iii iv  r18 515 ,1125,phoenix,data analytics manager   di a audit team,1126,phoenix,product data management specialist entry level,1129,phoenix,data scientist job,1130,phoenix,research development associate food scientist,1131,phoenix,product data management specialist junior level,1132,phoenix,predictive modeling analyst,1134,phoenix,senior data engineer   machine learning job,1135,phoenix,senior scientist  medical and scientific affairs,1136,phoenix,data scientist,1137,phoenix,data scientist,1138,phoenix,2019 summer internship   environmental scientist   multi location,1139,phoenix,data analyst stops,1140,phoenix,data scientist statistician,1143,phoenix,nurse scientist,1144,phoenix,statistician data scientist,1145,phoenix,lead data scientist,1146,phoenix,data science engineer,1147,phoenix,data scientist senior job,1148,phoenix,stops scientist 1,1149,phoenix,stops research scientist 1,1150,phoenix,medical laboratory scientist i,1151,phoenix,management consultant,1152,phoenix,audit analytics leader 2,1153,phoenix,care interventions product manager,1154,phoenix,sr  field support manager  chandler arizona ,1155,phoenix,associate,1156,phoenix,entry level electrical engineer,1157,phoenix,manager  data sciences,1159,phoenix,medical laboratory scientist i   microbiology,1160,phoenix,quantitative financial analyst,1161,phoenix,logistics representative 3,1162,phoenix,research assistant,1163,phoenix,environmental scientist   clean water act,1164,phoenix,marketing analyst   data analytics  market research analyst ,1165,phoenix,data scientist,1166,phoenix,medical laboratory scientist i,1167,phoenix,logistics representative 3  qatar ,1168,phoenix,territory sales manager   phoenix,1169,phoenix,senior data scientist,1170,phoenix,data analytics manager   di a audit team,1171,phoenix,senior data engineer   machine learning job,1173,phoenix,senior scientist  medical and scientific affairs,1175,phoenix,financial services data scientist,1176,phoenix,senior data scientist   aerospace,1177,phoenix,medical lab scientist ii,1179,phoenix,machine learning big data engineer,1180,phoenix,research associate  masters ,1181,phoenix,field service rep   defense 3,1182,phoenix,payroll tax research analyst,1183,phoenix,chief information security officer,1184,phoenix,fte data scientist in tempe  arizona,1185,phoenix,medical science liaison,1186,phoenix,stops scientist  senior,1187,phoenix,junior research analyst,1188,phoenix,data scientist,1189,phoenix,website security research analyst   new,1190,phoenix,chemical informatics scientist,1191,phoenix,data scientist,1193,phoenix,staff environmental engineer geologist scientist,1194,phoenix,data science   machine learning,1197,phoenix,program business manager,1198,phoenix,analytic consultant 5   data scientist  marketing campaign analytics   digital ,1199,phoenix,senior data science engineer,1200,phoenix,stops research scientist  senior,1201,phoenix,stops research analyst 1,1202,phoenix,database engineer,1203,phoenix,medical lab scientist for toxicology,1204,phoenix,big data architect,1205,phoenix,data scientist – sr data engineer,1206,phoenix,big data engineer,1207,phoenix,marketing research analyst,1209,phoenix,data scientist,1210,phoenix,histology technologist i ii,1212,phoenix,laboratory supervisor,1213,phoenix,medical laboratory scientist i   nights,1215,phoenix,sr  manager data science  data scientist ,1216,phoenix,aircraft maintenance specialist,1217,phoenix,contractor   pt python instructor,1218,phoenix,fte data scientist in tempe  arizona,1219,phoenix,medical laboratory scientist i on call,1220,phoenix,mid level hydrogeologist geologist,1221,denver,lead data scientist,1222,denver,research scientist   metabolic engineering and functional genomics,1223,denver,machine learning engineer  senior associate,1224,denver,agriculture data scientist   agriculture commodity research engine  acre   new ventures,1225,denver,entry   level geologist   environmental scientist,1226,denver,data scientist,1227,denver,data scientist,1228,denver,data scientist,1229,denver,jr  data scientist,1230,denver,data scientist w  machine learning   r   python experience,1231,denver,geospatial data scientist 2,1232,denver,data scientist i  664803 ,1233,denver,associate scientist,1234,denver,research scientist  vision technology ,1235,denver,environmental scientist,1236,denver,data scientist   clinical strategy,1237,denver,data scientist,1238,denver,data scientist,1239,denver,data scientist,1240,denver,entry level construction professional,1241,denver,accelerator consultant   fixed operations expertise   field remote,1242,denver,implementation consultant i   parts   service exp,1243,denver,data scientist,1244,denver,data scientist,1245,denver,data scientist,1246,denver,data scientist,1247,denver,data analyst,1248,denver,intern – data driven power system analysis,1249,denver,data scientist,1250,denver,digital media data scientist,1251,denver,project environmental scientist,1252,denver,field geologist,1253,denver,data engineer,1255,denver,scientist i ii,1256,denver,deal desk analyst,1257,denver,administrative associate iii  664490 ,1258,denver,research scientist,1259,denver,distinguished scientist,1260,denver,project assistant,1261,denver,geospatial data science researcher,1262,denver,hvpe semiconductor device research technician,1263,denver,scientist,1264,denver,junior digital marketing analyst,1265,denver,cloud data scientist,1266,denver,environmental scientist,1267,denver,cires colorado river basin assessment specialist,1268,denver,validation scientist,1271,denver,associate,1272,denver,internship   data science  part time fall 2018,1273,denver,technology solutions professional,1274,denver,research data analysis coordinator,1275,denver,scientist 1   pueblo  co,1276,denver,field technician,1277,denver,administrative intern   contracts  664698 ,1278,denver,cires geophysical data assimilation and modeling specialist,1279,denver,wetland scientist,1280,denver,senior data scientist,1281,denver,competitive research analyst,1282,denver,data scientist,1283,denver,construction intern,1285,denver,internship   data science  part time fall 2018   denver ,1286,denver,market research analyst,1287,denver,machine learning intern,1288,denver,sales support  help specialist,1289,denver,data science analyst i,1290,denver,research analyst,1291,denver,material control analyst i  661843 ,1292,denver,data scientist,1293,denver,senior data scientist,1294,denver,junior research analyst,1295,denver,administrative associate iii  security clearance required  664651 ,1297,denver,senior data scientist,1298,denver,airborne sensor operations technician,1299,denver,archaeologist,1300,denver,food scientist iii   ice cream,1301,denver,science communications specialist,1302,denver,data scientist,1303,denver,administrative assistant ii,1304,denver,data scientist,1305,denver,administrative associate ii  accounts payable  664110 ,1306,denver,client support specialist,1307,denver,location: jordan,1308,denver,machine learning engineer,1309,denver,research scientist sr,1310,denver,scientist i ii   bioinformatics,1311,denver,research analyst   emerging technology,1312,denver,temporary legal research analyst,1313,denver,senior data scientist,1314,denver,material property specialist i  664742 ,1315,denver,research scientist,1316,denver,customer success specialist,1317,denver,technical intern   data analyst  664541 ,1318,denver,quantitative business analyst  google technical services,1319,houston,computer scientist,1320,houston,process scientist,1321,houston,solar data scientist,1322,houston,students seeking data scientist internship opportunities,1323,houston,students seeking data scientist full time employment,1324,houston,interns arundo 2019   data scientist  houston ,1326,houston,data scientist,1327,houston,data scientist  digital media,1328,houston,data scientist,1329,houston,data scientist,1331,houston,customer facing data scientist,1332,houston,senior research scientist,1333,houston,data scientist,1334,houston,data scientist,1335,houston,data scientist,1336,houston,administrative assistant,1337,houston,entry level construction professional,1338,houston,data scientist  eg ,1339,houston,research scientist,1340,houston,research assistant,1341,houston,geoscience students seeking intern opportunities for 2019,1342,houston,experiment support scientist  johnson space center ,1344,houston,data analysis manager  ili ,1345,houston,bioinformatics data analyst,1346,houston,project associate,1347,houston,data scientist,1349,houston,integrated planning  scheduling specialist  junior ,1350,houston,research and data analyst   yes prep system office  immediate opening ,1351,houston,data scientist,1352,houston,staff scientist,1353,houston,staff environmental scientist,1354,houston,senior data scientist,1355,houston,data science engineer,1356,houston,advising scientist   chemistry,1357,houston,research analyst  upstream,1358,houston,accountant i   breast medical oncology,1359,houston,chemist laboratory technician,1360,houston,data scientist  req  10050 ,1361,houston,research scientist   epidemiology,1362,houston,quantitative research scientist,1363,houston,data scientist,1364,houston,scientist 2nd shift,1365,houston,construction intern,1366,houston,data scientist  2400 nasa parkway ,1367,houston,computational scientist   molecular diagnostic,1368,houston,market research analyst,1369,houston,leadanalyst data management and quantitative analysis,1370,houston,research scientist,1371,houston,project associate,1372,houston,research associate i in cardiomyocyte renewal lab,1373,houston,research analyst  upstream,1374,houston,research analyst,1375,houston,research analyst,1376,houston,dh_data scientist,1377,houston,data science engineer,1378,houston,senior threat hunting analyst  security data scientist   houston  tx,1379,houston,adhesives formulation scientist,1380,houston,gis specialist,1381,houston,solar data scientist,1383,houston,computer scientist,1384,houston,process scientist,1385,houston,economics consultant,1387,houston,adhesives formulation scientist,1388,houston,implementation consultant   automotive service department expertise,1389,houston,cyber research and hunting analyst,1390,houston,sr  data scientist,1391,houston,quantitative risk analyst   financial risk,1393,houston,research scientist,1394,houston,senior threat hunting analyst  security data scientist   houston  tx,1395,houston,material scientist,1396,houston,mba consultant,1398,houston,research development scientist ii bioprocess engineer ,1399,houston,senior data scientist,1400,houston,medical laboratory scientist   nights,1401,houston,senior data scientist,1404,houston,chemical technician,1405,houston,research scientist  epilepsy ,1406,houston,sr data scientist,1407,houston,medical lab scientist,1408,houston,pilot plant chemical technician   pasadena  tx,1409,houston,sr  research analyst ii,1410,houston,seismic processing geophysicist,1411,houston,integrated planning  scheduling specialist  mid level ,1412,houston,research scientist,1413,houston,legal consultant,1414,houston,performance improvement analyst – energy insights  new ventures,1415,houston,apocell: biomedical engineer,1416,houston,hpc research scientist,1417,houston,data scientist   software developer,1418,houston,machine learning software engineer,1419,houston,research analyst   ngls,1420,houston,downstream antifoulants technical support specialist  dsc  sugar land  tx,1422,houston,research analyst  energy fundamentals,1424,miami,data analysis associate,1425,miami,senior data engineer,1426,miami,many   open source intelligence analysis   collection,1427,miami,junior data scientist   machine learning,1428,miami,data scientist   predictive analysis in real estate,1429,miami,data scientist   remote,1430,miami,customer facing data scientist,1431,miami,data scientist,1433,miami,research analyst intern,1434,miami,data scientist,1435,miami,data analyst  statistical analysis exp ,1436,miami,data scientist,1437,miami,assoc research scientist   skin group,1438,miami,research analyst,1439,miami,data scientist,1442,miami,data scientist,1443,miami,sr quality assurance scientist   complaint handling,1444,miami,quality assurance scientist i,1445,miami,staff scientist   hydrogeologist,1446,miami,project environmental scientist   biologist,1447,miami,balance scorecard director,1448,miami,quality assurance scientist ii   complaint handling,1449,miami,senior data scientist,1450,miami,data scientist,1451,miami,onsite development scientist,1452,miami,associate technician shipping receiving and distribution,1453,miami,analyst  research,1454,miami,rsmas   assistant scientist,1455,miami,financial analyst,1456,miami,staff quality assurance scientist   complaint handling,1457,miami,research analyst,1458,miami,balance scorecard specialist,1459,miami,sr  data analyst data scientist,1460,miami,staff quality assurance scientist   field actions,1462,miami,assistant scientist  cell biology ,1463,miami,associate technician materials planning,1464,miami,rsmas   postdoctoral associate,1465,miami,senior development scientist,1466,miami,senior strategy director  balanced scorecard,1467,miami,research scientist   fl ,1469,miami,staff development scientist   flow cytometry,1470,miami,data engineer,1473,miami,sr analyst research   analytics,1474,miami,irb analyst  research   investigational studies  ft days  mhs,1475,miami,coordinator   business systems data analysis  scheduling systems coordinator ,1476,miami,onsite development scientist  9622 ,1477,miami,senior human vision scientist,1478,miami,many   open source intelligence analysis   collection,1479,miami,graduate research assistant i,1480,miami,project scheduler,1481,miami,research analyst portfolio manager,1483,miami,director  data science,1484,miami,research scientist  phd ,1485,miami,senior scientist,1486,miami,postdoctoral associate cimas,1487,miami,business development manager  southeast region ,1488,miami,assistant research scientist  temporary ,1490,miami,data engineer,1491,miami,assistant scientist  cancer research ,1492,miami,associate scientist  cancer research ,1493,miami,equity research analyst   small to mid cap value generalist,1494,miami,senior analyst  procurement,1495,miami,global digital control project management and governance,1496,miami,nurse scientist  miami cancer institute  ft  8:30a 5:00p,1498,miami,senior staff national tax office,1499,miami,mechanical engineer,1500,miami,associate mechanical engineer   contractor,1501,miami,rsmas   software engineer,1502,miami,research associate 1  diabetes research institute ,1503,miami,senior development scientist   flow cytometry,1504,miami,data platform developer  business intelligence developer  data engineer  big data – aws – azure   full time,1505,miami,rsmas   senior research associate i,1506,miami,senior analyst quality assurance  complaint handling,1507,miami,senior sustaining automation engineer,1509,miami,research space planner analyst  medical ,1510,miami,sr quality assurance scientist   post market surveillance,1512,miami,senior market research analyst,1513,miami,postdoctoral associate  molecular biology ,1514,miami,staff software firmware engineer,1515,miami,attending physician   physiatry pm r,1516,miami,physician attending   pool   per diem   pediatic urgent care   naples  fl,1517,miami,manager  quality analytics,1518,miami,reliability test engineer,1519,miami,physician attending   director of ep,1520,miami,manager national tax office,1521,miami,senior systems engineer,1522,miami,software developer in test  machine learning | contract,1523,miami,physician attending palliative care,1524,miami,physician attending   cardiology,1525,washington dc,data scientist,1527,washington dc,lead data scientist,1528,washington dc,seeking associates   strategic business analysis  data science analytics  process validation  cybersecurity  fraud  third party risk  and technology risk,1529,washington dc,data standardization staff member,1533,washington dc,data scientist,1535,washington dc,financial wellness data scientist,1536,washington dc,data entry specialist,1537,washington dc,data scientist   defense   intelligence,1538,washington dc,senior data scientist,1539,washington dc,data scientist with polygraph,1540,washington dc,health data analyst,1544,washington dc,data scientist,1545,washington dc,entry level environmental scientist,1548,washington dc,data analysis internship,1550,washington dc,data scientist data engineer,1551,washington dc,convey engagement specialist,1553,washington dc,data scientist,1556,washington dc,data scientist,1557,washington dc,junior data scientist,1558,washington dc,data scientist,1559,washington dc,associate scientist,1560,washington dc,data scientist   privacy specialist,1561,washington dc,geologist   engineer   environmental scientist  md dc,1563,washington dc,data scientist,1564,washington dc,data scientist analyst,1565,washington dc,junior data scientist,1567,washington dc,data scientist,1568,washington dc,field medical scientist mel gu – wv  md  dc  va,1569,washington dc,educational survey data analysis,1570,washington dc,research   content analyst,1571,washington dc,gmao atmospheric data assimilation system scientist,1573,washington dc,data scientist,1574,washington dc,junior data scientist,1575,washington dc,data analyst,1576,washington dc,operations research analyst data scientist all levels,1577,washington dc,applied data science internship   2019,1579,washington dc,dod positions,1580,washington dc,financial wellness behavioral scientist,1582,washington dc,data scientist,1583,washington dc,data scientist ii,1584,washington dc,data technologist   scientist   united arab emirates,1585,washington dc,marketing extern,1586,washington dc,research analyst associate,1587,washington dc,data scientist,1588,washington dc,data scientist,1590,washington dc,fellowship   spring 2019,1593,washington dc,data scientist  intermediate ,1594,washington dc,junior scientist,1596,washington dc,transportation planner,1597,washington dc,data scientist,1598,washington dc,communications specialist,1599,washington dc,junior data scientist  dod ,1600,washington dc,data scientist,1601,washington dc,data scientist,1602,washington dc,data scientist,1603,washington dc,data scientist,1604,washington dc,staff data scientist,1605,washington dc,junior associate,1607,washington dc,data scientist,1608,washington dc,data scientist,1609,washington dc,data scientist,1610,washington dc,staff scientist,1611,washington dc,research data analyst,1612,washington dc,research analyst   corporate governance,1613,washington dc,environmental scientist,1614,washington dc,junior scientist   industrial hygienist,1615,washington dc,medical data review manager,1616,washington dc,junior scientist,1617,washington dc,data scientist,1618,washington dc,sensor technology scientist  noaa ,1619,washington dc,junior scientist,1620,washington dc,data scientist  7362 ,1621,washington dc,quantitative analyst   hr,1622,boulder,digital media data scientist   machine learning   englewood  co,1623,boulder,airborne sensor operations technician,1624,boulder,validation scientist,1625,boulder,agriculture data scientist   agriculture commodity research engine  acre   new ventures,1626,boulder,data scientist i  664803 ,1627,boulder,entry   level geologist   environmental scientist,1628,boulder,data scientist,1630,boulder,associate scientist,1631,boulder,data scientist,1632,boulder,geospatial data scientist 2,1633,boulder,jr  data scientist,1634,boulder,data scientist,1635,boulder,research scientist  vision technology ,1636,boulder,lead data scientist,1637,boulder,administrative associate iii  664553 ,1638,boulder,data scientist,1639,boulder,data scientist,1640,boulder,data scientist,1641,boulder,data scientist w  machine learning   r   python experience,1642,boulder,data scientist,1643,boulder,field ecologist ii   limnology and entomology   d10 13 colorado,1644,boulder,data scientist,1645,boulder,cires geophysical data assimilation and modeling specialist,1646,boulder,research scientist: lidar  ladar  eo remote sensing,1647,boulder,machine learning engineer  senior associate,1648,boulder,cloud data scientist,1649,boulder,data scientist,1650,boulder,data scientist engineer,1651,boulder,scientist i ii,1652,boulder,administrative assistant ii,1653,boulder,data analyst,1654,boulder,data science analyst  intern ,1655,boulder,material control analyst i  661843 ,1656,boulder,research scientist,1657,boulder,cires colorado river basin assessment specialist,1658,boulder,data scientist,1659,boulder,administrative associate ii  accounts payable  664110 ,1660,boulder,clinical scientist  endpoints and outcomes,1661,boulder,data engineer,1662,boulder,meeting planner ii,1663,boulder,distinguished scientist,1664,boulder,geospatial data science researcher,1665,boulder,specialist consultant   agriculture commodity research engine  acre   new ventures,1666,boulder,intern – data driven power system analysis,1667,boulder,client support specialist,1668,boulder,competitive research analyst,1669,boulder,field geologist,1670,boulder,administrative intern   supply chain management  664615 ,1671,boulder,data scientist,1672,boulder,senior administrative associate  664621 ,1674,boulder,material property specialist i  664742 ,1675,boulder,machine learning engineer,1676,boulder,research data analysis coordinator,1677,boulder,senior data scientist,1678,boulder,technical intern   data analyst  664541 ,1679,boulder,senior data scientist,1681,boulder,analytics data scientist,1682,boulder,research scientist,1683,boulder,hvpe semiconductor device research technician,1684,boulder,postdoctoral researcher relmapago field project,1685,boulder,administrative intern   contracts  664698 ,1686,boulder,project environmental scientist,1687,boulder,environmental scientist,1688,boulder,data engineer,1689,boulder,entry level construction professional,1690,boulder,employee communications specialist  664587 ,1691,boulder,machine learning intern,1692,boulder,deal desk analyst,1693,boulder,scientist,1694,boulder,scientist i ii  adx 69 18 ,1695,boulder,scientist i ii   bioinformatics,1697,boulder,food scientist iii   ice cream,1698,boulder,internship   data science  part time fall 2018,1699,boulder,implementation consultant i   parts   service exp,1700,boulder,computer vision scientist  machine learning ,1701,boulder,administrative associate sr    security clearance required  664652 ,1702,boulder,cires swpc space weather scientist  closes 7 31 2018,1703,boulder,administrative associate iii  security clearance required  664651 ,1704,boulder,technical intern   materials and process  664602 ,1705,boulder,business analytics analyst,1706,boulder,science communications specialist,1707,boulder,environmental scientist,1708,boulder,cires gmd radiation research scientist,1709,boulder,research scientist,1710,boulder,senior data scientist,1711,boulder,sr  data engineer   boulder,1712,boulder,archaeologist,1713,boulder,engineer ii   distributed generation data scientist,1714,boulder,temporary legal research analyst,1715,boulder,expeditor  662432 ,1716,boulder,technical intern   data engineer  664508 ,1717,boulder,technical intern systems enigneer  spacecraft communications   664685 ,1718,boulder,research scientist sr,1719,boulder,analyst i   cost estimating   pricing  664750 ,1720,boulder,senior scientists   innovation us  colorado,1721,boulder,production control center scheduler  663788 ,1722,boulder,engineer associate   mechanical  664801 ,1723,boulder,internship   data science  part time fall 2018   denver ,